{"results":[{"statement_id":0,"series":[{"name":"raw_data","columns":["time","mean"],"values":[[1509408000000,1],[1509494400000,1],[1509580800000,1],[1509667200000,1],[1509753600000,1],[1509840000000,1],[1509926400000,1],[1510012800000,1],[1510099200000,1],[1510185600000,1],[1510272000000,1],[1510358400000,1],[1510444800000,1],[1510531200000,1],[1510617600000,1],[1510704000000,1],[1510790400000,1],[1510876800000,1],[1510963200000,1],[1511049600000,1],[1511136000000,1],[1511222400000,1],[1511308800000,1],[1511395200000,0.28205128205128205],[1511481600000,0],[1511568000000,1],[1511654400000,1],[1511740800000,0.4935064935064935],[1511827200000,0.17699115044247787],[1511913600000,1],[1512000000000,1]]}]},{"statement_id":1,"series":[{"name":"raw_data","columns":["time","mean"],"values":[[1509408000000,1],[1509494400000,1],[1509580800000,1],[1509667200000,1],[1509753600000,1],[1509840000000,1],[1509926400000,1],[1510012800000,1],[1510099200000,1],[1510185600000,1],[1510272000000,1],[1510358400000,1],[1510444800000,1],[1510531200000,1],[1510617600000,1],[1510704000000,1],[1510790400000,1],[1510876800000,1],[1510963200000,1],[1511049600000,1],[1511136000000,1],[1511222400000,1],[1511308800000,1],[1511395200000,0.48502994011976047],[1511481600000,0.30838709677419357],[1511568000000,1],[1511654400000,1],[1511740800000,1],[1511827200000,1],[1511913600000,1],[1512000000000,1]]}]},{"statement_id":2,"series":[{"name":"raw_data","columns":["time","mean"],"values":[[1509408000000,1],[1509494400000,1],[1509580800000,1],[1509667200000,1],[1509753600000,1],[1509840000000,1],[1509926400000,1],[1510012800000,1],[1510099200000,1],[1510185600000,1],[1510272000000,1],[1510358400000,1],[1510444800000,1],[1510531200000,1],[1510617600000,1],[1510704000000,1],[1510790400000,1],[1510876800000,1],[1510963200000,1],[1511049600000,1],[1511136000000,1],[1511222400000,1],[1511308800000,1],[1511395200000,0.4802680565897245],[1511481600000,0.3236309817464233],[1511568000000,1],[1511654400000,1],[1511740800000,0.4734256364448414],[1511827200000,0.49850746268656715],[1511913600000,1],[1512000000000,1]]}]}]}
